gene_id	rf_importance
ENSG00000240854.1	0.056504260214150635
ENSG00000219928.2	0.04068449024339116
ENSG00000229237.2	0.04060113743620386
ENSG00000224126.2	0.039169173794315205
ENSG00000213790.2	0.03740876607471625
ENSG00000234743.1	0.03726345905374566
ENSG00000235776.2	0.03285653558003813
ENSG00000206228.4	0.03244393669324274
ENSG00000062038.13	0.030659494157904834
ENSG00000279473.1	0.026998224307031946
ENSG00000147576.15	0.025134471339673857
ENSG00000214199.3	0.02385106875315715
ENSG00000204253.4	0.0236606561170624
ENSG00000249264.1	0.023569972692897227
ENSG00000111110.11	0.023096391941073904
ENSG00000065325.12	0.022551608702410617
ENSG00000230910.2	0.022265349492058818
ENSG00000238249.2	0.02220451085184846
ENSG00000167767.13	0.02007196547871029
ENSG00000216866.5	0.020053154947233386
ENSG00000137673.8	0.019727108824716757
ENSG00000175832.12	0.019422808635358665
ENSG00000235734.4	0.016110666108162988
ENSG00000105464.3	0.015999333295867304
ENSG00000149451.17	0.015975171594666087
ENSG00000238042.5	0.012967803058911159
ENSG00000171017.10	0.012691171830771439
ENSG00000265688.1	0.012308131454092939
ENSG00000280061.1	0.012088855058016122
ENSG00000279312.1	0.010049612453880339
ENSG00000078114.18	0.010031497804511664
ENSG00000139515.5	0.00974937789922152
ENSG00000170373.8	0.00966090264411828
ENSG00000122778.9	0.009546552014413814
ENSG00000235033.7	0.009363514190533056
ENSG00000163347.5	0.0068795137271164064
ENSG00000254142.2	0.006853362615879663
ENSG00000164283.12	0.006610283852927454
ENSG00000244538.1	0.006415819659675242
ENSG00000228566.1	0.006318817736351704
ENSG00000241431.1	0.0062888159974886755
ENSG00000167549.18	0.006126943131369258
ENSG00000128482.15	0.006096876855082737
ENSG00000214787.8	0.006081411059775285
ENSG00000166473.16	0.006074234474896682
ENSG00000166405.14	0.006072027307910765
ENSG00000088002.11	0.005976081752818863
ENSG00000160801.13	0.005899587153322952
ENSG00000196616.12	0.005740804213969365
ENSG00000101255.10	0.00370577486724325
ENSG00000165072.9	0.003516921227063014
ENSG00000247844.1	0.0034220895218892763
ENSG00000111846.15	0.0034020012129436696
ENSG00000120729.9	0.0033732688923540275
ENSG00000164379.5	0.0033312722733238364
ENSG00000268942.2	0.0033171870466209984
ENSG00000153902.13	0.0032243557740983062
ENSG00000259479.6	0.003196447845647848
ENSG00000213235.3	0.0031730832495319426
ENSG00000163239.12	0.003132195918446547
ENSG00000108381.10	0.0031132537358855967
ENSG00000243696.4	0.003105146639417521
ENSG00000168309.16	0.0030887858068701004
ENSG00000172005.10	0.00307416873235008
ENSG00000170166.5	0.0030722858910542123
ENSG00000113594.9	0.0030538941427309552
ENSG00000240219.1	0.0030267527539153184
ENSG00000030304.12	0.0030178373659828076
ENSG00000154258.16	0.0030035322963180427
ENSG00000141338.13	0.002963354090847027
ENSG00000154263.17	0.002954431402075503
ENSG00000139200.13	0.0029311663834930574
ENSG00000147724.11	0.0029178273730702934
ENSG00000198176.12	0.002902547337718306
ENSG00000233532.5	0.0028829246660460163
ENSG00000173320.9	0.002875844060598983
ENSG00000071991.8	0.0028681470454777914
ENSG00000123560.13	0.0028033381192697025
ENSG00000227954.6	0.0026247789686639146
ENSG00000060718.18	0.0009282081649767302
ENSG00000198759.11	0.000829533291755877
ENSG00000159263.15	0.0005158831023568308
ENSG00000106278.11	0.0005131308671600223
ENSG00000276122.1	0.000494668250841986
ENSG00000088992.17	0.00046923981744798326
ENSG00000280073.1	0.00046316245629651255
ENSG00000213886.3	0.00038207729363337053
ENSG00000214021.15	0.0003622762379611384
ENSG00000078900.14	0.00034430717107246297
ENSG00000015413.9	0.00034322830463191946
ENSG00000206075.13	0.00034192937215885217
ENSG00000165490.12	0.0003386800102055343
ENSG00000224413.1	0.00033786752698891783
ENSG00000122641.9	0.000336331459576318
ENSG00000137699.16	0.00033025791269118313
ENSG00000070748.17	0.0003262084397823411
ENSG00000230316.6	0.0003208614788839653
ENSG00000103355.12	0.00031303345985279755
ENSG00000245694.8	0.0003126856295329115
ENSG00000168505.6	0.00031099551042240915
ENSG00000170454.5	0.0003109436191364773
ENSG00000077080.9	0.0002956247883713781
ENSG00000185269.11	0.00029077200983027696
ENSG00000103888.15	0.00028528647283283624
ENSG00000214548.14	0.00028405599180607685
ENSG00000143171.12	0.00027455182717622936
ENSG00000231172.2	0.00027439658259067817
ENSG00000165816.12	0.0002705426263147667
ENSG00000180730.4	0.0002651464102774512
ENSG00000189433.5	0.00026370587783999995
ENSG00000091592.15	0.0002457394912389161
ENSG00000118432.12	0.00024178827645824884
ENSG00000182983.14	0.00023533313634276155
ENSG00000267361.1	0.00023254291656607602
ENSG00000215199.3	0.00022725832941530502
ENSG00000183734.4	0.0002087246345270654
ENSG00000260328.1	0.0002058525751623811
ENSG00000187922.13	0.0001984404476642116
ENSG00000229859.8	0.00019804188050263942
ENSG00000271723.5	0.00019661774002303672
ENSG00000233639.5	0.00019505573371685647
ENSG00000266964.5	0.00019432426173291825
ENSG00000281406.1	0.00018320394092412987
ENSG00000164651.16	0.00018233684993472187
ENSG00000137868.18	0.0001803520777509398
ENSG00000173557.14	0.00017897247881256613
ENSG00000111404.6	0.0001778229856344649
ENSG00000173811.10	0.00017689432671771091
ENSG00000120149.8	0.00017143935880373502
ENSG00000108244.16	0.00016070171956640054
ENSG00000169248.12	0.000160289217847299
ENSG00000163736.3	0.00015739881568587217
ENSG00000175206.10	0.0001568650804790917
ENSG00000172031.6	0.00015502568364960827
ENSG00000152785.6	0.00015482310193012914
ENSG00000184465.15	0.00015442560784429093
ENSG00000212993.4	0.0001374614007923472
ENSG00000010282.14	0.00013714584614363032
ENSG00000259264.5	0.00013671422248354918
ENSG00000163032.11	0.00013237927234109592
ENSG00000150627.15	0.00011831338038438862
ENSG00000258819.1	0.0001181782209520908
ENSG00000176533.12	0.00011813104786123005
ENSG00000143520.6	0.00011731822633669416
ENSG00000099953.9	0.0001165674115001069
ENSG00000259660.2	0.00011608260251103597
ENSG00000198610.10	0.00011584517991351792
ENSG00000261959.1	0.00011519605341782829
ENSG00000279806.1	0.00011506738511520789
ENSG00000179546.4	0.00011449028759152591
ENSG00000213539.4	0.00011435195018956473
ENSG00000228742.9	0.00011389977507429331
ENSG00000228071.4	0.00010052356659672823
ENSG00000011201.10	9.220493602992001e-05
ENSG00000146090.15	9.178837920066953e-05
ENSG00000158055.15	9.178837920066898e-05
ENSG00000236452.1	9.166576989575937e-05
ENSG00000204542.2	9.161261740332918e-05
ENSG00000138028.14	9.116496365232468e-05
ENSG00000229970.3	9.090115091235962e-05
ENSG00000204071.9	9.075519582345135e-05
ENSG00000102683.7	8.578475280246912e-05
ENSG00000130595.16	8.539195414728425e-05
ENSG00000142973.12	8.022906531048318e-05
ENSG00000234617.1	8.021241014505819e-05
ENSG00000186847.5	8.008430850240895e-05
ENSG00000105989.8	7.970134965790899e-05
ENSG00000221932.6	7.910480379133629e-05
ENSG00000100604.12	7.887231610872283e-05
ENSG00000229183.8	7.884834016775783e-05
ENSG00000233542.1	7.879158353359964e-05
ENSG00000254855.1	7.842928497658168e-05
ENSG00000108018.15	7.842256414115011e-05
ENSG00000171303.6	7.826129308156703e-05
ENSG00000147588.6	7.809997391209536e-05
ENSG00000236347.1	7.06252360958085e-05
ENSG00000257191.1	6.995857424514241e-05
ENSG00000114656.10	6.928124895224667e-05
ENSG00000225558.1	6.898985572884851e-05
ENSG00000280409.1	6.881235495173377e-05
ENSG00000128610.11	6.854922689637945e-05
ENSG00000228053.1	6.849709038083695e-05
ENSG00000101441.4	6.846650203083325e-05
ENSG00000127423.10	6.839823140104662e-05
ENSG00000175065.11	6.794705173016292e-05
ENSG00000130653.15	6.76113322526913e-05
ENSG00000148734.7	6.744968009399175e-05
ENSG00000115507.9	6.304621981426394e-05
ENSG00000122375.11	4.6647136877679624e-05
ENSG00000236090.2	4.642116068216631e-05
ENSG00000101115.12	4.6284386022635365e-05
ENSG00000213376.4	4.621841353803318e-05
ENSG00000220157.4	4.602089810347319e-05
ENSG00000115665.8	4.597701149425218e-05
ENSG00000197085.11	4.586930665520888e-05
ENSG00000234645.3	4.583650147155366e-05
ENSG00000186007.9	4.5559094685278114e-05
ENSG00000112077.15	4.0746403672582766e-05
ENSG00000187166.1	4.043461448830742e-05
ENSG00000171714.10	4.028776732072068e-05
ENSG00000237125.8	4.014375944965188e-05
ENSG00000172901.19	4.008385702179469e-05
ENSG00000154080.12	3.989846556063273e-05
ENSG00000158022.6	3.978783690591251e-05
ENSG00000267206.5	3.978537843039521e-05
ENSG00000256713.7	3.958483417376882e-05
ENSG00000273771.1	3.958231919020378e-05
ENSG00000170419.10	3.953366414915769e-05
ENSG00000004846.16	3.952923282573316e-05
ENSG00000234840.1	3.9443410931879326e-05
ENSG00000169085.11	3.926599718295343e-05
ENSG00000277741.4	3.923504002918499e-05
ENSG00000165553.4	3.914973648335792e-05
ENSG00000215512.9	3.882918315603202e-05
ENSG00000231878.1	2.3409942447693897e-05
ENSG00000213100.2	2.3191124739987564e-05
ENSG00000253929.1	2.3158665678637556e-05
ENSG00000198535.5	2.3124811386939042e-05
ENSG00000218358.2	2.3067569914886813e-05
ENSG00000029559.6	2.3039103836993658e-05
ENSG00000254166.1	2.2873942821735075e-05
ENSG00000232679.1	2.271254281619282e-05
ENSG00000109906.13	1.983652426847559e-05
ENSG00000155918.7	1.7824984430864433e-05
ENSG00000181418.7	3.933791270736982e-18
ENSG00000248587.6	3.3784300076483782e-18
ENSG00000186871.6	2.928888372884627e-18
ENSG00000235023.1	2.894482855713496e-18
ENSG00000261786.1	2.7352780277758533e-18
ENSG00000133800.8	2.2078530060876826e-18
ENSG00000213371.4	2.09200561280171e-18
ENSG00000258274.1	2.047592321199417e-18
ENSG00000168356.11	2.0394321481895755e-18
ENSG00000182103.4	1.865864938864627e-18
ENSG00000215644.9	1.859154690109719e-18
ENSG00000116194.12	1.7996212132244583e-18
ENSG00000179915.20	1.4718582479338477e-18
ENSG00000254533.1	1.45872643320257e-18
ENSG00000152779.13	1.0997924758701583e-18
ENSG00000166292.11	1.0997924758701573e-18
ENSG00000107159.12	1.0969269404979183e-18
ENSG00000070729.13	1.0946309672078913e-18
ENSG00000154262.12	1.0942716574251682e-18
ENSG00000259500.1	1.0931270669255e-18
ENSG00000187848.12	1.0895048113446829e-18
ENSG00000244945.1	1.0797962490361666e-18
ENSG00000235555.1	1.0793571150440447e-18
ENSG00000235688.2	1.07613665415028e-18
ENSG00000123500.9	1.0690139468130991e-18
ENSG00000187758.7	1.0643918255501737e-18
ENSG00000272573.5	1.0527221356900496e-18
ENSG00000113396.12	1.0259236715724846e-18
ENSG00000174015.9	9.59939846325706e-19
ENSG00000196361.9	5.924305528077712e-19
ENSG00000273372.1	3.6025573525906312e-19
ENSG00000224318.5	3.3327044723338448e-19
ENSG00000083782.7	1.7967525072240938e-19
ENSG00000236768.1	1.790600700022798e-19
ENSG00000122756.14	9.894348714830661e-20
ENSG00000179532.12	5.339663254672703e-20
ENSG00000261821.2	2.6661635778670785e-20
ENSG00000231672.6	1.3206963897886406e-20
ENSG00000280012.2	0.0
ENSG00000260337.3	0.0
ENSG00000226252.1	0.0
ENSG00000169862.18	0.0
ENSG00000249476.1	0.0
ENSG00000133169.5	0.0
ENSG00000113946.3	0.0
ENSG00000279274.1	0.0
ENSG00000236683.3	0.0
ENSG00000262172.1	0.0
ENSG00000167768.4	0.0
ENSG00000230234.1	0.0
ENSG00000271880.1	0.0
ENSG00000259683.1	0.0
ENSG00000120057.4	0.0
ENSG00000144339.11	0.0
ENSG00000169218.13	0.0
ENSG00000156395.12	0.0
ENSG00000242208.1	0.0
ENSG00000181577.15	0.0
ENSG00000091704.9	0.0
ENSG00000172995.16	0.0
ENSG00000253230.6	0.0
ENSG00000124440.15	0.0
ENSG00000167755.13	0.0
ENSG00000050030.13	0.0
ENSG00000177943.13	0.0
ENSG00000278500.1	0.0
ENSG00000180422.3	0.0
ENSG00000273604.1	0.0
ENSG00000104332.11	0.0
ENSG00000188778.4	0.0
ENSG00000115705.20	0.0
ENSG00000166573.5	0.0
ENSG00000182050.13	0.0
ENSG00000164850.14	0.0
ENSG00000224812.2	0.0
ENSG00000121871.3	0.0
ENSG00000137745.11	0.0
ENSG00000248578.1	0.0
ENSG00000230734.1	0.0
ENSG00000241684.5	0.0
ENSG00000133393.12	0.0
ENSG00000153002.11	0.0
ENSG00000275585.1	0.0
ENSG00000101098.12	0.0
ENSG00000157152.16	0.0
ENSG00000250978.5	0.0
ENSG00000265489.1	0.0
ENSG00000225194.2	0.0
ENSG00000234042.1	0.0
ENSG00000170091.10	0.0
ENSG00000180305.4	0.0
ENSG00000170500.12	0.0
ENSG00000279619.1	0.0
ENSG00000165376.10	0.0
ENSG00000183379.8	0.0
ENSG00000196666.4	0.0
ENSG00000183914.14	0.0
ENSG00000092054.12	0.0
ENSG00000214039.8	0.0
ENSG00000228705.1	0.0
ENSG00000140538.16	0.0
ENSG00000111245.14	0.0
ENSG00000214362.2	0.0
ENSG00000274893.1	0.0
ENSG00000169429.10	0.0
ENSG00000144031.11	0.0
ENSG00000099957.16	0.0
ENSG00000198838.11	0.0
ENSG00000226327.3	0.0
ENSG00000220875.1	0.0
ENSG00000104888.9	0.0
ENSG00000247381.2	0.0
ENSG00000257588.1	0.0
ENSG00000251026.1	0.0
ENSG00000144218.18	0.0
ENSG00000167916.4	0.0
ENSG00000230798.5	0.0
ENSG00000108231.11	0.0
ENSG00000104371.4	0.0
ENSG00000168481.8	0.0
ENSG00000077009.13	0.0
ENSG00000280119.1	0.0
ENSG00000263745.5	0.0
ENSG00000156486.7	0.0
ENSG00000259905.5	0.0
ENSG00000254560.5	0.0
ENSG00000259462.2	0.0
ENSG00000175785.12	0.0
ENSG00000130643.8	0.0
ENSG00000279774.1	0.0
ENSG00000272328.1	0.0
ENSG00000125363.14	0.0
ENSG00000143536.7	0.0
ENSG00000034971.14	0.0
ENSG00000236467.7	0.0
ENSG00000176194.17	0.0
ENSG00000236333.3	0.0
ENSG00000197587.10	0.0
ENSG00000140506.16	0.0
ENSG00000067840.12	0.0
ENSG00000280439.1	0.0
ENSG00000125851.9	0.0
ENSG00000268297.1	0.0
ENSG00000100146.16	0.0
ENSG00000224099.1	0.0
ENSG00000215093.3	0.0
ENSG00000261787.1	0.0
ENSG00000229133.1	0.0
ENSG00000149243.15	0.0
ENSG00000187140.5	0.0
ENSG00000173894.10	0.0
ENSG00000198597.8	0.0
ENSG00000078549.14	0.0
ENSG00000243480.7	0.0
ENSG00000137747.14	0.0
ENSG00000213087.3	0.0
ENSG00000206579.8	0.0
ENSG00000261650.1	0.0
ENSG00000064205.10	0.0
ENSG00000197953.5	0.0
ENSG00000161649.12	0.0
ENSG00000258676.4	0.0
ENSG00000105605.7	0.0
ENSG00000272321.1	0.0
ENSG00000186462.8	0.0
ENSG00000131746.12	0.0
ENSG00000184144.9	0.0
ENSG00000176399.3	0.0
ENSG00000196260.3	0.0
ENSG00000227467.3	0.0
ENSG00000254726.2	0.0
ENSG00000253616.5	0.0
ENSG00000256508.2	0.0
ENSG00000268555.1	0.0
ENSG00000185290.3	0.0
ENSG00000184601.10	0.0
ENSG00000165462.5	0.0
ENSG00000225366.4	0.0
ENSG00000170369.3	0.0
ENSG00000224713.4	0.0
ENSG00000040731.10	0.0
ENSG00000188064.9	0.0
ENSG00000227487.3	0.0
ENSG00000180660.7	0.0
ENSG00000180999.10	0.0
ENSG00000015475.18	0.0
ENSG00000013293.5	0.0
ENSG00000169432.14	0.0
ENSG00000230838.1	0.0
ENSG00000174403.15	0.0
ENSG00000152092.15	0.0
ENSG00000259417.2	0.0
ENSG00000130283.8	0.0
ENSG00000218586.3	0.0
ENSG00000175161.13	0.0
ENSG00000268532.1	0.0
ENSG00000159648.11	0.0
ENSG00000156030.12	0.0
ENSG00000233670.6	0.0
ENSG00000018625.14	0.0
ENSG00000279115.1	0.0
ENSG00000262533.1	0.0
ENSG00000115361.7	0.0
ENSG00000273132.1	0.0
ENSG00000144847.12	0.0
ENSG00000262768.2	0.0
ENSG00000268222.1	0.0
ENSG00000169181.12	0.0
ENSG00000238172.2	0.0
ENSG00000186439.12	0.0
ENSG00000153820.12	0.0
ENSG00000120907.17	0.0
ENSG00000185149.5	0.0
ENSG00000231566.1	0.0
ENSG00000249149.2	0.0
ENSG00000255552.7	0.0
ENSG00000157005.3	0.0
ENSG00000197561.6	0.0
ENSG00000163873.9	0.0
ENSG00000234031.1	0.0
ENSG00000273203.1	0.0
ENSG00000280168.1	0.0
ENSG00000234513.1	0.0
ENSG00000168079.16	0.0
ENSG00000235669.1	0.0
ENSG00000162706.12	0.0
ENSG00000109132.6	0.0
ENSG00000112232.8	0.0
ENSG00000183454.13	0.0
ENSG00000104833.10	0.0
ENSG00000258647.5	0.0
ENSG00000277135.1	0.0
ENSG00000274956.2	0.0
ENSG00000185985.8	0.0
ENSG00000168875.2	0.0
ENSG00000015592.16	0.0
ENSG00000198914.2	0.0
ENSG00000113805.8	0.0
ENSG00000136546.13	0.0
ENSG00000162461.7	0.0
ENSG00000110975.8	0.0
ENSG00000162344.3	0.0
ENSG00000166091.19	0.0
ENSG00000260729.1	0.0
ENSG00000242267.6	0.0
ENSG00000267073.1	0.0
ENSG00000119147.9	0.0
ENSG00000178773.14	0.0
ENSG00000186487.17	0.0
ENSG00000237949.1	0.0
ENSG00000224958.5	0.0
ENSG00000172554.11	0.0
ENSG00000204065.2	0.0
ENSG00000259485.1	0.0
ENSG00000277737.2	0.0
ENSG00000225670.4	0.0
ENSG00000214961.2	0.0
ENSG00000009694.13	0.0
ENSG00000232855.6	0.0
ENSG00000158445.7	0.0
ENSG00000156885.5	0.0
ENSG00000261606.5	0.0
ENSG00000079689.13	0.0
ENSG00000180383.3	0.0
ENSG00000261496.1	0.0
ENSG00000148848.14	0.0
ENSG00000205221.12	0.0
ENSG00000234933.1	0.0
ENSG00000135298.13	0.0
ENSG00000129451.11	0.0
ENSG00000182836.9	0.0
ENSG00000260668.1	0.0
ENSG00000184672.11	0.0
ENSG00000139144.9	0.0
ENSG00000256916.1	0.0
ENSG00000156687.10	0.0
